,2026-04-17,2026-04-18,2026-04-19,2026-04-20
articles,"[{'title': 'US Economy Faces Whiplash as Supply Shocks Distort Jobs and Inflation', 'url': 'https://www.investing.com/analysis/us-economy-faces-whiplash-as-supply-shocks-distort-jobs-and-inflation-200678716', 'source': 'Investing.com', 'publishedAt': '2026-04-17T21:38:19Z', 'key_sentences': ['While the world may not have changed, the series of one-time shocks has contributed to five years of inflation above the Fed’s 2% target.', 'Just as businesses adapt to higher costs, households may feel ""worse off"" partly because of the effort they put into managing these unexpectedly higher prices.', 'Researchers at the Federal Reserve Board estimate that the potential labor supply will be basically flat in 2026.', 'Trump accuses Iran of violating ceasefire as uncertainty clouds new peace talks\nExpect the unexpected has become the most useful rule of thumb for the economy.', 'The Fed was already in wait-and-see mode when the latest supply shock struck: the sharp rise in gasoline and diesel prices in March 2026 was the front edge of disruptions from the war in Iran.', 'Given the uncertainty, it’s another reason for the Fed to wait for data showing lower inflation.', 'It’s the cumulative reaction to a long series of unexpectedly higher prices and disruptions since the pandemic.'], 'sentiment_score': 0.2076386746045396, 'article_weight': 1.589363436893603}, {'title': 'How Grocers Are Using AI to Fix the $18 Billion Food Waste Problem', 'url': 'https://markets.businessinsider.com/news/stocks/how-grocers-are-using-ai-to-fix-the-18-billion-food-waste-problem-1036034923', 'source': 'Markets Insider', 'publishedAt': '2026-04-17T18:44:48Z', 'key_sentences': ['At the same time, with inflation and higher gas prices putting pressure on household budgets, grocers are trying to reduce these losses, often referred to as “shrink.”\nFor example, Kroger (KR) has said that it is already seeing benefits from using AI to improve pricing and efficiency.', 'In fact, traditional strategies like raising prices or offering broad discounts are becoming less effective, especially as shoppers increasingly split their purchases across multiple stores to find the best deals.', 'As grocery retailers deal with rising pressure from inflation and tougher competition, many are starting to turn to artificial intelligence in order to protect their profits and reduce food waste.', '|\nWhy Dollar General (DG) is a Top Momentum Stock for the Long-Term |\nAnalysts Are Bullish on These Consumer Goods Stocks: Dollar General (DG), PepsiCo (PEP) |\nHow Grocers Are Using AI to Fix the $18 Billion Food Waste Problem |\nDollar General (DG) Outpaces Stock Market Gains: What You Should Know |\nWhy Dollar General (DG) is a Top Value Stock for the Long-Term |\nDollar General Strengthens Ad Business With AI Audio Push |\nAnalysts Have Conflicting Sentiments on These Consumer Goods Companies: Dollar General (DG) and Lamb Weston Holdings (LW) |', 'Instead of marking down entire categories, retailers can adjust prices on individual items as they get closer to their “best-by” dates.', 'In addition, Flashfood says that its partners, including Kroger and regional chains, have cut shrink by about 27% while also increasing customer visits and spending.', 'The platform allows customers to buy discounted food that is close to expiration through an app, which helps stores turn potential waste into revenue.'], 'sentiment_score': -0.7165845956986354, 'article_weight': 1.5904819984626337}, {'title': 'Fed Governor Waller says Iran war and labor market risks are keeping central bank on hold', 'url': 'https://www.cnbc.com/2026/04/17/fed-governor-waller-says-iran-war-and-labor-market-risks-are-keeping-central-bank-on-hold.html', 'source': 'CNBC', 'publishedAt': '2026-04-17T18:07:00Z', 'key_sentences': ['-\nFederal Reserve Governor Christopher Waller on Friday said current economic conditions are complicating the approach to interest rates, with policymakers facing a potentially long-lasting inflation shock and a labor market with no job growth that nonetheless appears stable.', '""If I face this situation, I\'ll have to balance the risks to the two sides of the Fed\'s dual mandate to determine the appropriate path of policy, and that may mean maintaining the policy rate at the current target range if the risks to inflation outweigh those to the labor market.""\nThe speech comes with markets expecting the Fed to stay on hold this year amid the cloudy economic outlook.', '-\n""If I face this situation, I\'ll have to balance the risks to the two sides of the Fed\'s dual mandate to determine the appropriate path of policy, and that may mean maintaining the policy rate at the current target range if the risks to inflation outweigh those to the labor market,"" Waller added.', 'Waller had been a supporter of cutting interest rates, but voted in March to hold the benchmark federal funds level in a range between 3.5%-3.75%.', '""High inflation and a weak labor market would be very complicated for a policymaker,"" the central banker said for a speech in Alabama.', ""As for inflation — the other side of the Fed's dual mandate — Waller said he is less sanguine than other policymakers and forecasters who see the Iran war's impact as temporary."", '-\nThe speech comes with markets expecting the Fed to stay on hold this year amid the cloudy economic outlook.'], 'sentiment_score': -0.033697423139876746, 'article_weight': 0.7857582127211611}, {'title': '3 Insurance Stocks That Can Act as a New Inflation Hedge', 'url': 'https://www.investing.com/analysis/3-insurance-stocks-that-can-act-as-a-new-inflation-hedge-200678697', 'source': 'Investing.com', 'publishedAt': '2026-04-17T17:21:01Z', 'key_sentences': ['It’s likely that these policies haven’t fully priced inflation into their renewals yet, which could translate into earnings acceleration above the 16% target in the next 12 months.', 'Here are three insurance stocks at different stages of the pricing cycle, which gives them different outlooks as inflation hedges.', 'The latest consumer price index data reflected the impact of higher energy prices, showing year-over-year inflation of 12.5%.', 'Many consumers remember 2021 and 2022 when inflation on used car prices, repair parts, and labor hit auto insurance companies simultaneously.', 'Trump accuses Iran of violating ceasefire as uncertainty clouds new peace talks\nInsurance has become one of the most visible and persistent indicators of inflation in household budgets.', 'That compounds the challenge of consumers trying to budget for those higher prices at a time when their fixed costs, such as insurance, are already elevated.', 'Rates for health, auto, life, and property insurance have been soaring, all of which preceded the recent shock to energy prices.'], 'sentiment_score': 0.7911243343797713, 'article_weight': 2.0699572793695613}, {'title': ""Elon Musk: Government Checks Are 'Best Way' to Deal With AI Job Losses"", 'url': 'https://www.businessinsider.com/elon-musk-universal-high-income-government-checks-ai-job-losses-2026-4', 'source': 'Business Insider', 'publishedAt': '2026-04-17T16:31:14Z', 'key_sentences': ['Elon Musk says government checks are the ""best way"" to deal with AI-driven job losses.', '""Universal HIGH INCOME via checks issued by the Federal government is the best way to deal with unemployment caused by AI,"" the Tesla and SpaceX CEO said in a late Thursday post on X.', 'For now, many Americans are living paycheck to paycheck after weathering years of stubborn inflation, onerous interest rates, and stagnant wage growth.', '""About inflation, Musk\'s prediction could happen, but we shouldn\'t count on it,"" Widerquist said, underscoring that even though GDP has multiplied over the past 50 years, most of the benefits of that growth have gone to the wealthiest people while poverty has remained.', '-\nElon Musk thinks he has a solution to AI-driven job losses: the government pays for everyone to live well.', 'AI is widely expected to displace a meaningful proportion of the US labor force in the years ahead.', 'Universal high income (UHI) is effectively a more generous version of universal basic income (UBI), which is typically defined as a recurring cash payment to all individuals in a population regardless of their wealth, with no restrictions on how the money is spent and no repayment expected.'], 'sentiment_score': 0.2888761291785759, 'article_weight': 0.8819249203937906}, {'title': 'Inflation Shock Ahead? Get Ready for Impact', 'url': 'https://www.investing.com/analysis/inflation-shock-ahead-get-ready-for-impact-200678694', 'source': 'Investing.com', 'publishedAt': '2026-04-17T14:59:39Z', 'key_sentences': ['While the Fed has little influence over oil prices, the true cause of inflation, it may be forced to hike interest rates in order to try to stabilize consumer prices.', 'Inflation Data Reveals Impact of Higher Oil Prices: More to Come\nThe March CPI report revealed the impact of higher oil prices, with the headline figure spiking, and additional increases are coming.', 'Trump accuses Iran of violating ceasefire as uncertainty clouds new peace talks\nThe fallout from the Iran war is mounting and is likely to trigger an inflation shock.', 'They cited extreme inflation pressure in the warning to dealers, intending to raise prices mid-June to offset the increases.', 'The caveat is that oil prices are volatile, and an end to the war is expected.', 'With inflation running hot at the headline and monthly levels, year-over-year figures will also accelerate, putting the Fed’s risk firmly on the table.', 'The economy can withstand a shock, assuming the upcoming inflation shock isn’t too severe or long-lasting, the S&P 500 will likely continue to trend higher, periodic corrections aside.'], 'sentiment_score': 0.8636202433522172, 'article_weight': 2.240064724685508}, {'title': 'Israeli central bank chief pins hopes on ceasefire amid growth shock', 'url': 'https://www.cnbc.com/2026/04/17/israel-lebanon-ceasefire-interest-rates-iran-inflation.html', 'source': 'CNBC', 'publishedAt': '2026-04-17T09:16:51Z', 'key_sentences': ['Inflation is expected to be around the low 2% area in 2026 and into 2027, but Yaron said central bank forecasts remain particularly challenging amid ongoing uncertainty.', '""That sector if anything is doing very well in Israel right now.""\nIsrael\'s central bank kept interest rates steady at its last meeting.', '-\nThe Israeli economy is facing a significant hit to growth projections as a result of the Middle East conflict — but its central bank chief is hopeful that a rapid resolution to the wars in Lebanon and Iran can help ease the shock.', ""Israel's central bank governor hopes the country can quickly rebound from a hit to economic growth caused by wars in Iran and Lebanon."", 'But Yaron also acknowledged the possibility of a much more prolonged conflict, which he said would weigh on growth and inflation expectations.', 'on Thursday, Amir Yaron, governor of the Bank of Israel, acknowledged there is still ""huge uncertainty"" around the duration of the conflict, despite recent signals that a resolution could be in sight.', 'Oil prices fell on Friday morning following the Israel-Lebanon ceasefire agreement, as Trump repeated his assertion that an end to the war in Iran is in sight.'], 'sentiment_score': 0.01729248143203908, 'article_weight': 1.125563801539673}, {'title': 'Back to the future: RBA wary of 1970s-style inflation', 'url': 'https://www.afr.com/policy/economy/back-to-the-future-rba-wary-of-1970s-style-inflation-20260417-p5zov9', 'source': 'Australian Financial Review', 'publishedAt': '2026-04-17T07:56:40Z', 'key_sentences': ['Reserve Bank of Australia assistant governor Sarah Hunter indicated further rate rises could be necessary as the central bank’s seeks to avoid a repeat of the inflation shock experienced during the oil price spike in the 1970s.', 'Speaking at an event hosted by the International Monetary Fund in Washington, DC, Hunter said the “north star” guiding the RBA’s decisions will be making sure households and businesses believe price growth will remain stable over the medium term and not spiral out of control.'], 'sentiment_score': 0.6193869978710829, 'article_weight': 0.33193238114759277}]","[{'title': 'Vic extends free public transport, defying IMF inflation warning', 'url': 'https://www.afr.com/policy/economy/vic-extends-free-public-transport-defying-imf-inflation-warning-20260418-p5zp1q', 'source': 'Australian Financial Review', 'publishedAt': '2026-04-18T19:00:00Z', 'key_sentences': ['The Victorian Labor government is extending its free public transport offer for another month, and will then offer half price fares until the end of the year, in a $400 million election sweetener and response to war in the Middle East.', 'The free trains, trams and buses – both for metropolitan and regional lines – covered April at an estimated cost of $71 million in foregone revenue and will now be extended across May with half price fares promised to continue beyond the November state election until the end of the year.'], 'sentiment_score': 0.6836922182596695, 'article_weight': 0.5172995401276438}, {'title': 'Fueled Inflation Shock Will Be Felt for Years, Market Vet Says', 'url': 'https://www.businessinsider.com/iran-war-inflation-shock-oil-prices-us-economy-outlook-2026-4', 'source': 'Business Insider', 'publishedAt': '2026-04-18T09:40:01Z', 'key_sentences': ['""I would double whatever inflation estimates people had before the war.""\nThe 1-year expected inflation rate was 2.5% in February, according to data from the Cleveland Fed.', 'Chris Whalen, an investment banker, longtime analyst, and the chairman of Whalen Global Advisors, thinks the inflation shock from the Iran war had already been baked into market and economic forecasts.', '-\nHe said he expected inflation to rise to the high single-digits, about double its current rate.', 'The idea is that higher oil prices from the war could feed inflation across other parts of the economy, since oil is a key input for goods ranging from fuel to plastic to industrial components.', 'Yet, even though markets got a boost after Iran announced the Strait of Hormuz was open to ships on Friday, it will likely take a long time for oil markets to normalize, and Americans could be dealing with the inflationary impacts for years to come, he told Business Insider this week.', 'Chris Whalen thinks hot inflation will weigh on the US economy for years after the Iran war ends.', 'Consumer prices accelerated to a 3.3% yearly pace in March.'], 'sentiment_score': 0.8056578700602312, 'article_weight': 2.650227032757011}]","[{'title': 'Amber Kanwar’s Weekly Setup: Rogers earnings and a look at the Iran war’s impact on inflation', 'url': 'https://www.theglobeandmail.com/investing/article-amber-kanwars-weekly-setup-rogers-earnings-and-a-look-at-the-iran-wars/', 'source': 'The Globe and Mail', 'publishedAt': '2026-04-19T20:32:02Z', 'key_sentences': ['Headline consumer prices are expected to increase 1.1 per cent from February, according to consensus estimates.', 'Revenue is expected to fall and it’s also unlikely to turn a profit this quarter.', 'Penny saver: We’ll get a sense of how much the war in Iran increased the cost of living for Canadians with inflation numbers set to land Monday morning.', 'It’s reasonable to expect a “large” CPI figure, Bank of Canada Governor Tiff Macklem told reporters on Friday.', 'However, given the recent progress and the market’s rush to put this in the rear view, earnings might be a bigger focus for investors this week.', 'Minutes from the Bank of Canada’s March 18 meeting showed the central bank was hesitant to increase rates before seeing how the war evolved while being mindful of downside risks from the upcoming renegotiation of USCMA.', 'I took a group of high school students on a tour of various Bay Street trading floors last week.'], 'sentiment_score': 0.251451352684565, 'article_weight': 1.7531520430031309}]","[{'title': 'ASX to edge higher, oil rises, US stocks slip', 'url': 'https://www.afr.com/markets/equity-markets/asx-to-edge-higher-oil-rises-us-stocks-slip-20260421-p5zpkm', 'source': 'Australian Financial Review', 'publishedAt': '2026-04-20T18:47:19Z', 'key_sentences': ['HUB24 fell 8.3 per cent to $87.50 after March quarter net inflows missed expectations by 8 per cent, driven by weaker gross flows and a one-off institutional withdrawal, alongside higher-than-expected negative market movements.', 'Key Posts\nASX closes flat as traders await US-Iran outcome\nASX in sector rotation as investors reposition for post-conflict trade\nUS dollar bias lower as global FX cycle shifts: Westpac\nOil traders brace for breakout as ceasefire deadline looms\nMinRes prices $1.8b notes to refinance debt, cut funding costs\nMarkets sit between expectation and doubt: SPI’s Innes\nASX closes flat as traders await US-Iran outcome\nAustralian shares closed flat on Tuesday as investors awaited further signs on the direction of the Middle East war, with a ceasefire between the US and Iran due to expire before Thursday’s open.', '“If all our fears subside, and we do get a permanent ceasefire, then it’s the 9200 record that is a stone’s throw away, and that could be tested by the end of the week.”\nSycamore said a temporary ceasefire extension was likely to keep the market range-bound, off the lows but below recent highs, and noted that the index had now traded within a roughly 100-point range for nine consecutive sessions.', 'The S&P/ASX 200 Index fell 3.9 points to 8949.4 in choppy trading, as six of the 11 sectors finished higher in a market defined more by rotation than direction.', 'IG market strategist Tony Sycamore said a sector rotation was under way as investors moved out of first-quarter winners, such as energy, into beaten-up real estate and technology stocks, as traders balanced geopolitical risks against hopes for a diplomatic resolution.', 'Attention in markets has shifted to whether the US and Iran can resume negotiations in Pakistan to ease tensions and reopen the Strait of Hormuz, after an initial round of talks in Islamabad ended without a deal.', 'Investors instead continued a rotation into battered tech and real estate stocks.'], 'sentiment_score': -0.5525021700008047, 'article_weight': 0.8213815061085383}]"
daily_sentiment_score,0.2547071052474642,0.7446750441599503,0.251451352684565,-0.5525021700008047
weighted_daily_sentiment_score,0.3029477619610943,0.7857392445535347,0.251451352684565,-0.5525021700008047
n_articles,8,2,1,1
inter_article_entropy,0.846183718920512,0.4874504932775421,0.8655634958170594,0.771562821281916
inter_article_directional_entropy,0.911731566047426,0.34654754123194165,0.9390736523810512,0.6130890736895206
weighted_variance,0.2901016180854349,0.0020326365008195004,0.0,0.0
daily_sentiment_score_6d_avg,0.2547071052474642,0.49969107470370727,0.4169445006973265,0.1745828330227937
weighted_daily_sentiment_score_6d_avg,0.3029477619610943,0.5443435032573145,0.44671278639973133,0.19690904729959732
